{"cameraMode":{"drawMode":0,"name":"Shaded","section":"Shading Mode"},"sceneLighting":true,"audioPlay":false,"sceneViewState":{"showFog":true,"showMaterialUpdate":true,"showSkybox":true,"showFlares":true,"showImageEffects":true,"showParticleSystems":true},"in2DMode":false,"pivot":{"x":-53.92582702636719,"y":-21.77398681640625,"z":-82.9935073852539},"rotation":{"x":-0.2996405363082886,"y":0.6474722027778626,"z":-0.30822959542274477,"w":-0.62941575050354},"size":468.5195007324219,"orthographic":false}